sentence_index;sentence;polaridad
1117;It 's a lovely film with lovely performances by Buy and Accorsi .;Positivo
1118;No one goes unindicted here , which is probably for the best .;Positivo
1119;And if you 're not nearly moved to tears by a couple of scenes , you 've got ice water in your veins .;Positivo
1120;A warm , funny , engaging film .;Positivo
1121;Uses sharp humor and insight into human nature to examine class conflict , adolescent yearning , the roots of friendship and sexual identity .;Positivo
1122;Half Submarine flick , Half Ghost Story , All in one criminally neglected film;Positivo
1123;Entertains by providing good , lively company .;Positivo
1124;Dazzles with its fully-written characters , its determined stylishness -LRB- which always relates to characters and story -RRB- and Johnny Dankworth 's best soundtrack in years .;Positivo
1125;Visually imaginative , thematically instructive and thoroughly delightful , it takes us on a roller-coaster ride from innocence to experience without even a hint of that typical kiddie-flick sentimentality .;Positivo
1126;Nothing 's at stake , just a twisty double-cross you can smell a mile away -- still , the derivative Nine Queens is lots of fun .;Positivo
1127;Unlike the speedy wham-bam effect of most Hollywood offerings , character development -- and more importantly , character empathy -- is at the heart of Italian for Beginners .;Positivo
1128;You 'll gasp appalled and laugh outraged and possibly , watching the spectacle of a promising young lad treading desperately in a nasty sea , shed an errant tear .;Positivo
1129;The band 's courage in the face of official repression is inspiring , especially for aging hippies -LRB- this one included -RRB- .;Positivo
1131;A beguiling splash of pastel colors and prankish comedy from Disney .;Positivo
1132;As surreal as a dream and as detailed as a photograph , as visually dexterous as it is at times imaginatively overwhelming .;Positivo
1133;-LRB- Lawrence bounces -RRB- all over the stage , dancing , running , sweating , mopping his face and generally displaying the wacky talent that brought him fame in the first place .;Positivo
1134;The film serves as a valuable time capsule to remind us of the devastating horror suffered by an entire people .;Positivo
1135;What 's surprising about Full Frontal is that despite its overt self-awareness , parts of the movie still manage to break past the artifice and thoroughly engage you .;Positivo
1136;Whether you like rap music or loathe it , you ca n't deny either the tragic loss of two young men in the prime of their talent or the power of this movie .;Positivo
1137;... an otherwise intense , twist-and-turn thriller that certainly should n't hurt talented young Gaghan 's resume .;Positivo
1139;There 's ... tremendous energy from the cast , a sense of playfulness and excitement that seems appropriate .;Positivo
1140;"It moves quickly , adroitly , and without fuss ; it does n't give you time to reflect on the inanity -- and the Cold War datedness -- of its premise .";Positivo
1141;A deep and meaningful film .;Positivo
1142;The film 's welcome breeziness and some unbelievably hilarious moments -- most portraying the idiocy of the film industry -- make it mostly worth the trip .;Positivo
1143;It 's a remarkably solid and subtly satirical tour de force .;Positivo
1144;Enormously entertaining for moviegoers of any age .;Positivo
1145;A poignant , artfully crafted meditation on mortality .;Positivo
1146;A rarity among recent Iranian films : It 's a comedy full of gentle humor that chides the absurdity of its protagonist 's plight .;Positivo
1147;Not only is Undercover Brother as funny , if not more so , than both Austin Powers films , but it 's also one of the smarter , savvier spoofs to come along in some time .;Positivo
1148;In a way , the film feels like a breath of fresh air , but only to those that allow it in .;Positivo
1149;Woody Allen 's latest is an ambling , broad comedy about all there is to love -- and hate -- about the movie biz .;Positivo
1150;It 's a stunning lyrical work of considerable force and truth .;Positivo
1151;The inhospitability of the land emphasizes the spare precision of the narratives and helps to give them an atavistic power , as if they were tales that had been handed down since the beginning of time .;Positivo
1152;-LRB- N√É¬¶s -RRB- directed the stage version of Elling , and gets fine performances from his two leads who originated the characters on stage .;Positivo
1155;A coda in every sense , The Pinochet Case splits time between a minute-by-minute account of the British court 's extradition chess game and the regime 's talking-head survivors .;Positivo
1157;-LRB- T -RRB- his beguiling Belgian fable , very much its own droll and delicate little film , has some touching things to say about what is important in life and why .;Positivo
1159;But taken as a stylish and energetic one-shot , The Queen of the Damned can not be said to suck .;Positivo
1160;You wo n't like Roger , but you will quickly recognize him .;Positivo
1161;And that 's a big part of why we go to the movies .;Positivo
1162;While the stoically delivered hokum of Hart 's War is never fun , it 's still a worthy addition to the growing canon of post-Saving Private Ryan tributes to the greatest generation .;Positivo
1163;We know the plot 's a little crazy , but it held my interest from start to finish .;Positivo
1164;A sober and affecting chronicle of the leveling effect of loss .;Positivo
1165;A fast , funny , highly enjoyable movie .;Positivo
1168;A smart , witty follow-up .;Positivo
1169;While the ideas about techno-saturation are far from novel , they 're presented with a wry dark humor .;Positivo
1170;An infectious cultural fable with a tasty balance of family drama and frenetic comedy .;Positivo
1171;Although occasionally static to the point of resembling a stage play , the film delivers a solid mixture of sweetness and laughs .;Positivo
1173;Add yet another hat to a talented head , Clooney 's a good director .;Positivo
1174;Building slowly and subtly , the film , sporting a breezy spontaneity and realistically drawn characterizations , develops into a significant character study that is both moving and wise .;Positivo
1176;Chilling , well-acted , and finely directed : David Jacobson 's Dahmer .;Positivo
1177;A swashbuckling tale of love , betrayal , revenge and above all , faith .;Positivo
1178;Without ever becoming didactic , director Carlos Carrera expertly weaves this novelistic story of entangled interrelationships and complex morality .;Positivo
1179;It 's a coming-of-age story we 've all seen bits of in other films -- but it 's rarely been told with such affecting grace and cultural specificity .;Positivo
1180;A literate presentation that wonderfully weaves a murderous event in 1873 with murderous rage in 2002 .;Positivo
1181;Makes even the claustrophobic on-board quarters seem fun .;Positivo
1182;This is as respectful a film as Byatt fans could hope for , though lovers of the book may wonder why it 's necessary .;Positivo
1183;One of the best films of the year with its exploration of the obstacles to happiness faced by five contemporary individuals ... a psychological masterpiece .;Positivo
1184;Not far beneath the surface , this reconfigured tale asks disturbing questions about those things we expect from military epics .;Positivo
1185;For the most part Stevens glides through on some solid performances and witty dialogue .;Positivo
1186;Broomfield turns his distinctive ` blundering ' style into something that could really help clear up the case .;Positivo
1187;Against all odds in heaven and hell , it creeped me out just fine .;Positivo
1188;It 's refreshing to see a girl-power movie that does n't feel it has to prove anything .;Positivo
1189;It 's worth seeing just on the basis of the wisdom , and at times , the startling optimism , of the children .;Positivo
1190;A rigorously structured and exquisitely filmed drama about a father and son connection that is a brief shooting star of love .;Positivo
1191;This surreal Gilliam-esque film is also a troubling interpretation of Ecclesiastes .;Positivo
1192;A rewarding work of art for only the most patient and challenge-hungry moviegoers .;Positivo
1194;May be far from the best of the series , but it 's assured , wonderfully respectful of its past and thrilling enough to make it abundantly clear that this movie phenomenon has once again reinvented itself for a new generation .;Positivo
1195;A compelling Spanish film about the withering effects of jealousy in the life of a young monarch whose sexual passion for her husband becomes an obsession .;Positivo
1196;Huston nails both the glad-handing and the choking sense of hollow despair .;Positivo
1197;may not have generated many sparks , but with his affection for Astoria and its people he has given his tale a warm glow .;Positivo
1198;A delirious celebration of the female orgasm .;Positivo
1199;Exquisitely nuanced in mood tics and dialogue , this chamber drama is superbly acted by the deeply appealing veteran Bouquet and the chilling but quite human Berling .;Positivo
1200;It 's fascinating to see how Bettany and McDowell play off each other .;Positivo
1201;The film is beautifully mounted , but , more to the point , the issues are subtly presented , managing to walk a fine line with regard to the question of Joan 's madness .;Positivo
1202;Leigh 's film is full of memorable performances from top to bottom .;Positivo
1204;Jose Campanella delivers a loosely autobiographical story brushed with sentimentality but brimming with gentle humor , bittersweet pathos , and lyric moments that linger like snapshots of memory .;Positivo
1205;Generally , Clockstoppers will fulfill your wildest fantasies about being a different kind of time traveler , while happily killing 94 minutes .;Positivo
1206;The movie is beautiful to behold and engages one in a sense of epic struggle -- inner and outer -- that 's all too rare in Hollywood 's hastier productions .;Positivo
1207;Neither Parker nor Donovan is a typical romantic lead , but they bring a fresh , quirky charm to the formula .;Positivo
1208;It 's a much more emotional journey than what Shyamalan has given us in his past two movies , and Gibson , stepping in for Bruce Willis , is the perfect actor to take us on the trip .;Positivo
1209;Not only are the special effects and narrative flow much improved , and Daniel Radcliffe more emotionally assertive this time around as Harry , but the film conjures the magic of author J.K. Rowling 's books .;Positivo
1210;Jaglom ... put -LRB- s -RRB- the audience in the privileged position of eavesdropping on his characters;Positivo
1211;Beautifully observed , miraculously unsentimental comedy-drama .;Positivo
1212;A must-see for the David Mamet enthusiast and for anyone who appreciates intelligent , stylish moviemaking .;Positivo
1216;Far more imaginative and ambitious than the trivial , cash-in features Nickelodeon has made from its other animated TV series .;Positivo
1217;The very definition of the ` small ' movie , but it is a good stepping stone for director Sprecher .;Positivo
1218;A gripping , searing portrait of a lost soul trying to find her way through life .;Positivo
1220;Still , as a visual treat , the film is almost unsurpassed .;Positivo
1221;So unassuming and pure of heart , you ca n't help but warmly extend your arms and yell ` Safe ! ';Positivo
1222;An intriguing cinematic omnibus and round-robin that occasionally is more interesting in concept than in execution .;Positivo
1224;At a time when half the so-called real movies are little more than live-action cartoons , it 's refreshing to see a cartoon that knows what it is , and knows the form 's history .;Positivo
1226;Hoffman notches in the nuances of pain , but his smart , edgy voice and waddling profile -LRB- emphasized here -RRB- accent the humor of Wilson 's plight , and that saves his pathos from drippiness .;Positivo
1227;What better message than ` love thyself ' could young women of any size receive ?;Positivo
1228;The second coming of Harry Potter is a film far superior to its predecessor .;Positivo
1229;A movie that successfully crushes a best selling novel into a timeframe that mandates that you avoid the Godzilla sized soda .;Positivo
1230;84 minutes of rolling musical back beat and supercharged cartoon warfare .;Positivo
1231;It 's also , clearly , great fun .;Positivo
1232;... takes the beauty of baseball and melds it with a story that could touch anyone regardless of their familiarity with the sport;Positivo
1233;Seldahl 's Barbara is a precise and moving portrait of someone whose world is turned upside down , first by passion and then by illness .;Positivo
1234;A warm but realistic meditation on friendship , family and affection .;Positivo
1235;Byler reveals his characters in a way that intrigues and even fascinates us , and he never reduces the situation to simple melodrama .;Positivo
1236;Turns potentially forgettable formula into something strangely diverting .;Positivo
1237;Bogdanovich tantalizes by offering a peep show into the lives of the era 's creme de la celluloid .;Positivo
1238;People cinema at its finest .;Positivo
1239;The performances take the movie to a higher level .;Positivo
1240;what really makes it special is that it pulls us into its world , gives us a hero whose suffering and triumphs we can share , surrounds him with interesting characters and sends us out of the theater feeling we 've shared a great adventure .;Positivo
1242;Manages to transcend the sex , drugs and show-tunes plot into something far richer .;Positivo
1243;Dense with characters and contains some thrilling moments .;Positivo
1244;LaPaglia 's ability to convey grief and hope works with Weaver 's sensitive reactions to make this a two-actor master class .;Positivo
1245;Reign of Fire looks as if it was made without much thought -- and is best watched that way .;Positivo
1246;Altogether , this is successful as a film , while at the same time being a most touching reconsideration of the familiar masterpiece .;Positivo
1247;We root for -LRB- Clara and Paul -RRB- , even like them , though perhaps it 's an emotion closer to pity .;Positivo
1248;The best film about baseball to hit theaters since Field of Dreams .;Positivo
1249;Instead of a hyperbolic beat-charged urban western , it 's an unpretentious , sociologically pointed slice of life .;Positivo
1250;the film tunes into a grief that could lead a man across centuries .;Positivo
1251;If The Count of Monte Cristo does n't transform Caviezel into a movie star , then the game is even more rigged than it was two centuries ago .;Positivo
1252;-LRB- D -RRB- oes n't bother being as cloying or preachy as equivalent evangelical Christian movies -- maybe the filmmakers know that the likely audience will already be among the faithful .;Positivo
1253;"As a tolerable diversion , the film suffices ; a Triumph , however , it is not .";Positivo
1254;If director Michael Dowse only superficially understands his characters , he does n't hold them in contempt .;Positivo
1261;Looking aristocratic , luminous yet careworn in Jane Hamilton 's exemplary costumes , Rampling gives a performance that could not be improved upon . ';Positivo
1262;... Mafia , rap stars and hood rats butt their ugly heads in a regurgitation of cinematic violence that gives brutal birth to an unlikely , but likable , hero . ';Positivo
1263;On this tricky topic , Tadpole is very much a step in the right direction , with its blend of frankness , civility and compassion .;Positivo
1264;Fun , flip and terribly hip bit of cinematic entertainment .;Positivo
1267;The film 's performances are thrilling .;Positivo
1268;Even in its most tedious scenes , Russian Ark is mesmerizing .;Positivo
1270;Reggio 's continual visual barrage is absorbing as well as thought-provoking .;Positivo
1271;Unfortunately , it appears that -LRB- Jackie -RRB- Chan 's US influence is starting to show in his Hong Kong films .;Positivo
1272;It all adds up to good fun .;Positivo
1273;A big , gorgeous , sprawling swashbuckler that delivers its diversions in grand , uncomplicated fashion .;Positivo
1275;A stunning and overwhelmingly cogent case for Kissinger as a calculating war criminal .;Positivo
1278;Kinnear does n't aim for our sympathy , but rather delivers a performance of striking skill and depth .;Positivo
1279;The subtle strength of `` Elling '' is that it never loses touch with the reality of the grim situation .;Positivo
1280;A study in shades of gray , offering itself up in subtle plot maneuvers ...;Positivo
1281;The format gets used best ... to capture the dizzying heights achieved by motocross and BMX riders , whose balletic hotdogging occasionally ends in bone-crushing screwups .;Positivo
1283;Chilling but uncommercial look into the mind of Jeffrey Dahmer , serial killer .;Positivo
1286;A movie that reminds us of just how exciting and satisfying the fantasy cinema can be when it 's approached with imagination and flair .;Positivo
1287;Thanks to Scott 's charismatic Roger and Eisenberg 's sweet nephew , Roger Dodger is one of the most compelling variations on In the Company of Men .;Positivo
1288;Nine Queens is not only than a frighteningly capable debut and genre piece , but also a snapshot of a dangerous political situation on the verge of coming to a head .;Positivo
1290;Will amuse and provoke adventurous adults in specialty venues .;Positivo
1291;You do n't have to know about music to appreciate the film 's easygoing blend of comedy and romance .;Positivo
1293;For the first time in years , De Niro digs deep emotionally , perhaps because he 's been stirred by the powerful work of his co-stars .;Positivo
1294;The film 's snags and stumblings are more than compensated for by its wryly subversive tone .;Positivo
1295;Inside the film 's conflict-powered plot there is a decent moral trying to get out , but it 's not that , it 's the tension that keeps you in your seat .;Positivo
1296;Affleck and Jackson are good sparring partners .;Positivo
1297;The old-world - meets-new mesh is incarnated in the movie 's soundtrack , a joyful effusion of disco Bollywood that , by the end of Monsoon Wedding , sent my spirit soaring out of the theater .;Positivo
1298;An effectively creepy , fear-inducing -LRB- not fear-reducing -RRB- film from Japanese director Hideo Nakata , who takes the superstitious curse on chain letters and actually applies it .;Positivo
1299;Having had the good sense to cast actors who are , generally speaking , adored by the movie-going public , Khouri then gets terrific performances from them all .;Positivo
1300;A subtle and well-crafted -LRB- for the most part -RRB- chiller .;Positivo
1302;Although laced with humor and a few fanciful touches , the film is a refreshingly serious look at young women .;Positivo
1304;A delectable and intriguing thriller filled with surprises , Read My Lips is an original .;Positivo
1305;This is a story of two misfits who do n't stand a chance alone , but together they are magnificent .;Positivo
1306;Highbrow self-appointed guardians of culture need not apply , but those who loved Cool as Ice have at last found a worthy follow-up .;Positivo
1309;Pacino is brilliant as the sleep-deprived Dormer , his increasing weariness as much existential as it is physical .;Positivo
1310;Rare Birds has more than enough charm to make it memorable .;Positivo
1311;Manages to be sweet and wickedly satisfying at the same time .;Positivo
1313;And just when you think it ca n't get any more gay , in pops Nathan Lane .;Positivo
1314;No sophomore slump for director Sam Mendes , who segues from Oscar winner to Oscar-winning potential with a smooth sleight of hand .;Positivo
1315;The movie is n't just hilarious : It 's witty and inventive , too , and in hindsight , it is n't even all that dumb .;Positivo
1316;Old-form moviemaking at its best .;Positivo
1317;Ahhhh ... revenge is sweet !;Positivo
1318;Yakusho and Shimizu ... create engaging characterizations in Imamura 's lively and enjoyable cultural mix .;Positivo
1319;You will emerge with a clearer view of how the gears of justice grind on and the death report comes to share airtime alongside the farm report .;Positivo
1320;Ruzowitzky has taken this mothball-y stuff and made a rather sturdy , old-fashioned entertainment out of it .;Positivo
1321;In spite of Good Housekeeping 's unsavory characters and WWF mentality , this white trash War of the Roses is a surprisingly engaging film .;Positivo
1322;Collateral Damage finally delivers the goods for Schwarzenegger fans .;Positivo
1323;There has always been something likable about the Marquis de Sade .;Positivo
1324;As a first-time director , Paxton has tapped something in himself as an actor that provides Frailty with its dark soul .;Positivo
1325;For the most part , director Anne-Sophie Birot 's first feature is a sensitive , extraordinarily well-acted drama .;Positivo
1326;By the time we learn that Andrew 's Turnabout Is Fair Play is every bit as awful as Borchardt 's Coven , we can enjoy it anyway .;Positivo
1327;This riveting World War II moral suspense story deals with the shadow side of American culture : racial prejudice in its ugly and diverse forms .;Positivo
1328;A tender , heartfelt family drama .;Positivo
1329;A difficult , absorbing film that manages to convey more substance despite its repetitions and inconsistencies than do most films than are far more pointed and clear .;Positivo
1330;For the most part , it 's a work of incendiary genius , steering clear of knee-jerk reactions and quick solutions .;Positivo
1331;It has the charm of the original American road movies , feasting on the gorgeous , ramshackle landscape of the filmmaker 's motherland .;Positivo
1332;-LRB- Chaiken 's -RRB- talent lies in an evocative , accurate observation of a distinctive milieu and in the lively , convincing dialogue she creates for her characters .;Positivo
1333;In all , this is a watchable movie that 's not quite the memorable experience it might have been .;Positivo
1334;Huppert 's superbly controlled display of murderous vulnerability ensures that malice has a very human face .;Positivo
1335;My thoughts were focused on the characters .;Positivo
1337;If I had been thinking about the visual medium , they would have been doing something wrong .;Positivo
1338;One of the more intelligent children 's movies to hit theaters this year .;Positivo
1339;Remember the kind of movie we were hoping `` Ecks vs. Sever '' or `` xXx '' was going to be ?;Positivo
1341;Not for the prurient or squeamish , it 's a daring if overlong examination of an idolized culture , self-loathing and sexual politics .;Positivo
1342;A cartoon that 's truly cinematic in scope , and a story that 's compelling and heartfelt -- even if the heart belongs to a big , four-legged herbivore .;Positivo
1343;The film 's almost unbearable portrait of sadness and grief transcends its specific story to speak to the ways in which need , history and presumption tangle , and sometimes destroy , blood ties .;Positivo
1344;Travels a fascinating arc from hope and euphoria to reality and disillusionment .;Positivo
1345;There 's something auspicious , and daring , too , about the artistic instinct that pushes a majority-oriented director like Steven Spielberg to follow A.I. with this challenging report so liable to unnerve the majority .;Positivo
1346;For anyone unfamiliar with pentacostal practices in general and theatrical phenomenon of Hell Houses in particular , it 's an eye-opener .;Positivo
1347;It seems like I have been waiting my whole life for this movie and now I ca n't wait for the sequel .;Positivo
1348;It 's a bit disappointing that it only manages to be decent instead of dead brilliant .;Positivo
1349;An operatic , sprawling picture that 's entertainingly acted , magnificently shot and gripping enough to sustain most of its 170-minute length .;Positivo
1350;The far future may be awesome to consider , but from period detail to matters of the heart , this film is most transporting when it stays put in the past .;Positivo
1352;Awesome creatures , breathtaking scenery , and epic battle scenes add up to another ` spectacular spectacle . ';Positivo
1353;By candidly detailing the politics involved in the creation of an extraordinary piece of music , -LRB- Jones -RRB- calls our attention to the inherent conflict between commerce and creativity .;Positivo
1354;It 's unnerving to see Recoing 's bizzarre reaction to his unemployment .;Positivo
1355;Good film , but very glum .;Positivo
1356;Much as we might be interested in gratuitous sexualization , Haneke has a different objective in mind -- namely the implications of our craving for fake stimulation .;Positivo
1357;Dazzling in its complexity , disturbing for its extraordinary themes , The Piano Teacher is a film that defies categorisation .;Positivo
1358;"It haunts , horrifies , startles and fascinates ; it is impossible to look away .";Positivo
1359;Ah yes , and then there 's the music ...;Positivo
1361;Although Jackson is doubtless reserving the darkest hours for The Return of the King , we long for a greater sense of urgency in the here and now of The Two Towers .;Positivo
1364;It will not appeal to the impatient , but those who like long books and movies will admire the way it accumulates power and depth .;Positivo
1367;The Wild Thornberrys Movie is a jolly surprise .;Positivo
1368;Griffiths proves she 's that rare luminary who continually raises the standard of her profession .;Positivo
1369;Prancing his way through the tailor-made part of a male hooker approaching the end of his vitality , Jagger obviously relishes every self-mocking moment .;Positivo
1371;An important movie , a reminder of the power of film to move us and to make us examine our values .;Positivo
1372;Is this love or is it masochism ?;Positivo
1373;Binoche makes it interesting trying to find out .;Positivo
1374;The mesmerizing performances of the leads keep the film grounded and keep the audience riveted .;Positivo
1375;Worth watching for Dong Jie 's performance -- and for the way it documents a culture in the throes of rapid change .;Positivo
1376;Two hours fly by -- opera 's a pleasure when you do n't have to endure intermissions -- and even a novice to the form comes away exhilarated .;Positivo
1377;It 's one heck of a character study -- not of Hearst or Davies but of the unique relationship between them .;Positivo
1378;Candid Camera on methamphetamines .;Positivo
1379;"A subject like this should inspire reaction in its audience ; The Pianist does not .";Positivo
1380;Equilibrium is what George Orwell might have imagined had today 's mood-altering drug therapy been envisioned by chemists in 1949 .;Positivo
1381;Creepy , authentic and dark .;Positivo
1382;This disturbing bio-pic is hard to forget .;Positivo
1383;Martin and Barbara are complex characters -- sometimes tender , sometimes angry -- and the delicate performances by Sven Wollter and Viveka Seldahl make their hopes and frustrations vivid .;Positivo
1384;A twisty , moody slice of Southern Gothic ...;Positivo
1386;The weight of the piece , the unerring professionalism of the chilly production , and the fascination embedded in the lurid topic prove recommendation enough .;Positivo
1387;An absurdist comedy about alienation , separation and loss .;Positivo
1388;` They ' begins and ends with scenes so terrifying I 'm still stunned .;Positivo
1390;This tenth feature is a big deal , indeed -- at least the third-best , and maybe even a notch above the previous runner-up , Nicholas Meyer 's Star Trek VI : The Undiscovered Country .;Positivo
1391;... with `` The Bourne Identity '' we return to the more traditional action genre .;Positivo
1392;Beneath Clouds is a succinct low-budget film whose compelling characters and intelligent script are exactly what was missing from Rabbit-Proof Fence .;Positivo
1393;The film is a contrivance , as artificial as the video games Japanese teens play in a nightclub sequence , but it 's an enjoyable one .;Positivo
1394;Holm ... embodies the character with an effortlessly regal charisma .;Positivo
1395;It is amusing , and that 's all it needs to be .;Positivo
1398;Seldom has a movie so closely matched the spirit of a man and his work .;Positivo
1399;Audrey Tatou has a knack for picking roles that magnify her outrageous charm , and in this literate French comedy , she 's as morning-glory exuberant as she was in Am√É¬©lie .;Positivo
1400;The movie has an infectious exuberance that will engage anyone with a passing interest in the skate\/surf culture , the L.A. beach scene and the imaginative -LRB- and sometimes illegal -RRB- ways kids can make a playground out of the refuse of adults .;Positivo
1401;Even if you do n't think -LRB- Kissinger 's -RRB- any more guilty of criminal activity than most contemporary statesmen , he 'd sure make a courtroom trial great fun to watch .;Positivo
1402;The story and structure are well-honed .;Positivo
1403;Fresnadillo 's dark and jolting images have a way of plying into your subconscious like the nightmare you had a week ago that wo n't go away .;Positivo
1405;It just may inspire a few younger moviegoers to read Stevenson 's book , which is a treasure in and of itself .;Positivo
1407;Overall very good for what it 's trying to do .;Positivo
1408;Forgettable horror -- more gory than psychological -- with a highly satisfying quotient of Friday-night excitement and Milla power .;Positivo
1410;It may seem long at 110 minutes if you 're not a fan , because it includes segments of 12 songs at a reunion concert .;Positivo
1411;A lean , deftly shot , well-acted , weirdly retro thriller that recalls a raft of '60s and '70s European-set spy pictures .;Positivo
1412;It proves quite compelling as an intense , brooding character study .;Positivo
1413;The Son 's Room is a triumph of gentility that earns its moments of pathos .;Positivo
1414;Morton uses her face and her body language to bring us Morvern 's soul , even though the character is almost completely deadpan .;Positivo
1415;The film may appear naked in its narrative form ... but it goes deeper than that , to fundamental choices that include the complexity of the Catholic doctrine;Positivo
1416;A superbly acted and funny\/gritty fable of the humanizing of one woman at the hands of the unseen forces of fate .;Positivo
1417;One of the smartest takes on singles culture I 've seen in a long time .;Positivo
1418;There is a fabric of complex ideas here , and feelings that profoundly deepen them .;Positivo
1421;Holy mad maniac in a mask , Splat-Man !;Positivo
1422;Good old-fashioned slash-and-hack is back !;Positivo
1426;It 's an offbeat treat that pokes fun at the democratic exercise while also examining its significance for those who take part .;Positivo
1427;Allows us to hope that Nolan is poised to embark a major career as a commercial yet inventive filmmaker .;Positivo
1428;Maneuvers skillfully through the plot 's hot brine -- until it 's undone by the sogginess of its contemporary characters , and actors .;Positivo
1429;It has the ability to offend and put off everyone , but it holds you with its outrageousness .;Positivo
1430;Anchored by Friel and Williams 's exceptional performances , the film 's power lies in its complexity .;Positivo
1434;A poignant and compelling story about relationships , Food of Love takes us on a bumpy but satisfying journey of the heart .;Positivo
1435;The Chateau cleverly probes the cross-cultural differences between Gauls and Yanks .;Positivo
1439;It confirms Fincher 's status as a film maker who artfully bends technical know-how to the service of psychological insight .;Positivo
1440;Vera 's three actors -- Moll√É¬† , Gil and Bardem -- excel in insightful , empathetic performances .;Positivo
1441;A marvel like none you 've seen .;Positivo
1442;With tightly organized efficiency , numerous flashbacks and a constant edge of tension , Miller 's film is one of 2002 's involvingly adult surprises .;Positivo
1443;Mr. Tsai is a very original artist in his medium , and What Time Is It There ?;Positivo
1445;Writer\/director Mark Romanek spotlights the underlying caste system in America .;Positivo
1446;It 's a scathing portrayal .;Positivo
1447;This is a good script , good dialogue , funny even for adults .;Positivo
1448;The characters are interesting and often very creatively constructed from figure to backstory .;Positivo
1449;The film will play equally well on both the standard and giant screens .;Positivo
1450;Moody , heartbreaking , and filmed in a natural , unforced style that makes its characters seem entirely convincing even when its script is not .;Positivo
1453;Gives you the steady pulse of life in a beautiful city viewed through the eyes of a character who , in spite of tragic loss and increasing decrepitude , knows in his bones that he is one of the luckiest men alive .;Positivo
1458;if you are an actor who can relate to the search for inner peace by dramatically depicting the lives of others onstage , then Esther 's story is a compelling quest for truth .;Positivo
1459;Although the level of the comedy declines as the movie proceeds , there 's no denying the fun of watching De Niro and Crystal having fun .;Positivo
1461;For movie lovers as well as opera lovers , Tosca is a real treat .;Positivo
1463;Moretti 's compelling anatomy of grief and the difficult process of adapting to loss .;Positivo
1464;Challenging , intermittently engrossing and unflaggingly creative .;Positivo
1465;But it 's too long and too convoluted and it ends in a muddle .;Positivo
1468;` Easily my choice for one of the year 's best films . ';Positivo
1469;Charles ' entertaining film chronicles Seinfeld 's return to stand-up comedy after the wrap of his legendary sitcom , alongside wannabe comic Adams ' attempts to get his shot at the big time .;Positivo
1470;That dogged good will of the parents and ` vain ' Jia 's defoliation of ego , make the film touching despite some doldrums .;Positivo
1471;The movie is for fans who ca n't stop loving anime , and the fanatical excess built into it .;Positivo
1472;The volatile dynamics of female friendship is the subject of this unhurried , low-key film that is so off-Hollywood that it seems positively French in its rhythms and resonance .;Positivo
1473;A densely constructed , highly referential film , and an audacious return to form that can comfortably sit among Jean-Luc Godard 's finest work .;Positivo
1474;Michael Gerbosi 's script is economically packed with telling scenes .;Positivo
1475;A strangely compelling and brilliantly acted psychological drama .;Positivo
1476;"Candid and comfortable ; a film that deftly balances action and reflection as it lets you grasp and feel the passion others have for their work .";Positivo
1477;Open-minded kids -- kids who read , kids who dream -- will be comforted by the way it deals with big issues like death and destiny .;Positivo
1478;Bennett 's naturalistic performance speaks volumes more truth than any ` reality ' show , and anybody contemplating their own drastic life changes should watch Some Body first .;Positivo
1479;... a good , if not entirely fresh , look at war .;Positivo
1480;The film is powerful , accessible and funny .;Positivo
1483;If you dig on David Mamet 's mind tricks ... rent this movie and enjoy !;Positivo
1484;The primitive force of this film seems to bubble up from the vast collective memory of the combatants .;Positivo
1486;It is the sheer , selfish , wound-licking , bar-scrapping doggedness of Leon 's struggle to face and transmute his demons that makes the movie a spirited and touching occasion , despite its patchy construction .;Positivo
1487;A gorgeous , high-spirited musical from India that exquisitely blends music , dance , song , and high drama .;Positivo
1490;Despite the 2-D animation , The Wild Thornberrys Movie makes for a surprisingly cinematic experience .;Positivo
1491;... a fun little timewaster , helped especially by the cool presence of Jean Reno .;Positivo
1492;-LRB- Majidi -RRB- makes us think twice about immigrants we see around us every day .;Positivo
1493;Though only 60 minutes long , the film is packed with information and impressions .;Positivo
1495;Immersing us in the endlessly inventive , fiercely competitive world of hip-hop DJs , the project is sensational and revelatory , even if scratching makes you itch .;Positivo
1496;Further proof that the epicenter of cool , beautiful , thought-provoking foreign cinema is smack-dab in the middle of Dubya 's Axis of Evil .;Positivo
1497;There 's really only one good idea in this movie , but the director runs with it and presents it with an unforgettable visual panache .;Positivo
1503;The vitality of the actors keeps the intensity of the film high , even as the strafings blend together .;Positivo
1504;Not since Japanese filmmaker Akira Kurosawa 's Ran have the savagery of combat and the specter of death been visualized with such operatic grandeur .;Positivo
1505;We learn a lot about dying coral and see a lot of life on the reef .;Positivo
1506;If the first Men in Black was money , the second is small change .;Positivo
1507;But it still jingles in the pocket .;Positivo
1508;It 's fun lite .;Positivo
1509;Passable entertainment , but it 's the kind of motion picture that wo n't make much of a splash when it 's released , and will not be remembered long afterwards .;Positivo
1510;I just loved every minute of this film .;Positivo
1511;This is a winning ensemble comedy that shows Canadians can put gentle laughs and equally gentle sentiments on the button , just as easily as their counterparts anywhere else in the world .;Positivo
1512;Just as moving , uplifting and funny as ever .;Positivo
1513;My Wife Is an Actress is an utterly charming French comedy that feels so American in sensibility and style it 's virtually its own Hollywood remake .;Positivo
1515;A muckraking job , the cinematic equivalent of a legal indictment , and a fairly effective one at that .;Positivo
1516;A tender , witty , captivating film about friendship , love , memory , trust and loyalty .;Positivo
1517;"Belongs to Daniel Day-Lewis as much as it belongs to Martin Scorsese ; it 's a memorable performance in a big , brassy , disturbing , unusual and highly successful film .";Positivo
1518;An exhilarating futuristic thriller-noir , Minority Report twists the best of technology around a gripping story , delivering a riveting , pulse intensifying escapist adventure of the first order;Positivo
1519;A psychological thriller with a genuinely spooky premise and an above-average cast , actor Bill Paxton 's directing debut is a creepy slice of gothic rural Americana .;Positivo
1520;While locals will get a kick out of spotting Cleveland sites , the rest of the world will enjoy a fast-paced comedy with quirks that might make the award-winning Coen brothers envious .;Positivo
1522;If you 're hard up for raunchy college humor , this is your ticket right here .;Positivo
1523;Few films capture so perfectly the hopes and dreams of little boys on baseball fields as well as the grown men who sit in the stands .;Positivo
1524;Corny , schmaltzy and predictable , but still manages to be kind of heartwarming , nonetheless .;Positivo
1526;At all .;Positivo
1527;While it regards 1967 as the key turning point of the 20th century , and returns again and again to images of dissidents in the streets , it 's alarmingly current .;Positivo
1528;Feature debuter D.J. Caruso directs a crack ensemble cast , bringing screenwriter Tony Gayton 's narcotics noir to life .;Positivo
1530;Harris commands the screen , using his frailty to suggest the ravages of a life of corruption and ruthlessness .;Positivo
1532;Director of photography Benoit Delhomme shot the movie in delicious colors , and the costumes and sets are grand .;Positivo
1533;The movie 's relatively simple plot and uncomplicated morality play well with the affable cast .;Positivo
1534;The film is quiet , threatening and unforgettable .;Positivo
1536;deliriously funny , fast and loose , accessible to the uninitiated , and full of surprises;Positivo
1537;Trademark American triteness and simplicity are tossed out the window with the intelligent French drama that deftly explores the difficult relationship between a father and son .;Positivo
1538;One from the heart .;Positivo
1539;More concerned with Sade 's ideas than with his actions .;Positivo
1540;The movie achieves as great an impact by keeping these thoughts hidden as ... -LRB- Quills -RRB- did by showing them .;Positivo
1541;An entertaining , colorful , action-filled crime story with an intimate heart .;Positivo
1542;While Undisputed is n't exactly a high , it is a gripping , tidy little movie that takes Mr. Hill higher than he 's been in a while .;Positivo
1543;The most compelling Wiseman epic of recent years .;Positivo
1544;The socio-histo-political treatise is told in earnest strides ... -LRB- and -RRB- personal illusion is deconstructed with poignancy .;Positivo
1545;It 's great escapist fun that recreates a place and time that will never happen again .;Positivo
1548;A woman 's pic directed with resonance by Ilya Chaiken .;Positivo
1550;... Brian De Palma is utterly mad : cinema mad , set-piece mad , style mad .;Positivo
1551;It 's a beautiful madness .;Positivo
1552;Generally provides its target audience of youngsters enough stimulating eye and ear candy to make its moral medicine go down .;Positivo
1553;There are some wonderfully fresh moments that smooth the moral stiffness with human kindness and hopefulness .;Positivo
1554;A grimly competent and stolid and earnest military courtroom drama .;Positivo
1555;Escaping the studio , Piccoli is warmly affecting and so is this adroitly minimalist movie .;Positivo
1556;Very psychoanalytical -- provocatively so -- and also refreshingly literary .;Positivo
1557;A gorgeous , witty , seductive movie .;Positivo
1558;The special effects and many scenes of weightlessness look as good or better than in the original , while the Oscar-winning sound and James Horner 's rousing score make good use of the hefty audio system .;Positivo
1559;On the heels of The Ring comes a similarly morose and humorless horror movie that , although flawed , is to be commended for its straight-ahead approach to creepiness .;Positivo
1560;With Rabbit-Proof Fence , Noyce has tailored an epic tale into a lean , economical movie .;Positivo
1561;-LRB- A -RRB- n utterly charming and hilarious film that reminded me of the best of the Disney comedies from the 60s .;Positivo
1563;Thanks to Haynes ' absolute control of the film 's mood , and buoyed by three terrific performances , Far From Heaven actually pulls off this stylistic juggling act .;Positivo
1564;Birthday Girl is an amusing joy ride , with some surprisingly violent moments .;Positivo
1572;This movie is a snow emergency .;Positivo
1573;Like Mike is n't interested in recycling old cliches .;Positivo
1574;It wants to tweak them with a taste of tangy new humor .;Positivo
1575;Smith is careful not to make fun of these curious owners of architectural oddities .;Positivo
1576;Instead , he shows them the respect they are due .;Positivo
1577;A mess when it comes to the characters and writing ... but works its way underneath the skin like few movies have in recent memory .;Positivo
1578;Drops you into a dizzying , volatile , pressure-cooker of a situation that quickly snowballs out of control , while focusing on the what much more than the why .;Positivo
1579;Zhang ... has done an amazing job of getting realistic performances from his mainly nonprofessional cast .;Positivo
1580;A solid examination of the male midlife crisis .;Positivo
1583;A beguiling , slow-moving parable about the collision of past and present on a remote seacoast in Iran .;Positivo
1584;My Big Fat Greek Wedding uses stereotypes in a delightful blend of sweet romance and lovingly dished out humor .;Positivo
1585;Kept aloft largely by a comically adept ensemble .;Positivo
1589;Atom Egoyan has conjured up a multilayered work that tackles any number of fascinating issues;Positivo
1590;essentially an exceptionally well-written , well-edited , well-directed , well-acted , bald rip-off of Aliens .;Positivo
1592;The whole is quite entertaining , but despite its virtues , there is an unsettled feeling to the film .;Positivo
1593;While its careful pace and seemingly opaque story may not satisfy every moviegoer 's appetite , the film 's final scene is soaringly , transparently moving .;Positivo
1594;Hardly a masterpiece , but it introduces viewers to a good charitable enterprise and some interesting real people .;Positivo
1596;It 's somewhat clumsy and too lethargically paced -- but its story about a mysterious creature with psychic abilities offers a solid build-up , a terrific climax , and some nice chills along the way .;Positivo
1597;If you 've ever wondered what an ending without the input of studio executives or test audiences would look like , here it is .;Positivo
1598;Exciting and direct , with ghost imagery that shows just enough to keep us on our toes .;Positivo
1599;Whether writer-director Anne Fontaine 's film is a ghost story , an account of a nervous breakdown , a trip down memory lane , all three or none of the above , it is as seductive as it is haunting .;Positivo
1600;What the film lacks in general focus it makes up for in compassion , as Corcuera manages to find the seeds of hope in the form of collective action .;Positivo
1601;"If you enjoy more thoughtful comedies with interesting conflicted characters ; this one is for you .";Positivo
1602;The quality of the art combined with the humor and intelligence of the script allow the filmmakers to present the biblical message of forgiveness without it ever becoming preachy or syrupy .;Positivo
1603;This film seems thirsty for reflection , itself taking on adolescent qualities .;Positivo
1604;Another one of those estrogen overdose movies like `` Divine Secrets of the Ya Ya Sisterhood , '' except that the writing , acting and character development are a lot better .;Positivo
1605;A breezy romantic comedy that has the punch of a good sitcom , while offering exceptionally well-detailed characters .;Positivo
1606;A romantic comedy enriched by a sharp eye for manners and mores .;Positivo
1607;Viewers of `` The Ring '' are more likely to remember the haunting images than the plot holes .;Positivo
1608;A delightful coming-of-age story .;Positivo
1609;One of those energetic surprises , an original that pleases almost everyone who sees it .;Positivo
1612;Jones ... does offer a brutal form of charisma .;Positivo
1613;Despite its title , Punch-Drunk Love is never heavy-handed .;Positivo
1614;The jabs it employs are short , carefully placed and dead-center .;Positivo
1615;There 's a wickedly subversive bent to the best parts of Birthday Girl .;Positivo
1616;Likely to expertly drum up repressed teenage memories in any viewer .;Positivo
1620;The movie understands like few others how the depth and breadth of emotional intimacy give the physical act all of its meaning and most of its pleasure .;Positivo
1621;What distinguishes Time of Favor from countless other thrillers is its underlying concern with the consequences of words and with the complicated emotions fueling terrorist acts .;Positivo
1622;Smart , provocative and blisteringly funny .;Positivo
1623;Nothing is sacred in this gut-buster .;Positivo
1624;The movie occasionally threatens to become didactic , but it 's too grounded in the reality of its characters to go over the edge .;Positivo
1626;Filmmakers who can deftly change moods are treasures and even marvels .;Positivo
1627;So , too , is this comedy about mild culture clashing in today 's New Delhi .;Positivo
1628;If Steven Soderbergh 's ` Solaris ' is a failure it is a glorious failure .;Positivo
1629;`` Mostly Martha '' is a bright , light modern day family parable that wears its heart on its sleeve for all to see .;Positivo
1630;It 's a scattershot affair , but when it hits its mark it 's brilliant .;Positivo
1631;A pleasant enough romance with intellectual underpinnings , the kind of movie that entertains even as it turns maddeningly predictable .;Positivo
1633;A spellbinding African film about the modern condition of rootlessness , a state experienced by millions around the globe .;Positivo
1634;It 's a work by an artist so in control of both his medium and his message that he can improvise like a jazzman .;Positivo
1637;A giggle-inducing comedy with snappy dialogue and winning performances by an unlikely team of Oscar-winners : Susan Sarandon and Goldie Hawn .;Positivo
1638;Its maker , Steven Spielberg , has n't had so much fun in two decades , since he was schlepping Indiana Jones around the globe in search of a giant misplaced ashtray .;Positivo
1639;Oscar Wilde 's masterpiece , The Importance of Being Earnest , may be the best play of the 19th century .;Positivo
1640;It 's so good that its relentless , polished wit can withstand not only inept school productions , but even Oliver Parker 's movie adaptation .;Positivo
1641;The movie does a good job of laying out some of the major issues that we encounter as we journey through life .;Positivo
1642;Brilliantly explores the conflict between following one 's heart and following the demands of tradition .;Positivo
1643;This remake gets all there is to get out of a peculiar premise with promise : Al Pacino loathing Robin Williams .;Positivo
1644;The next generation of mob movie .;Positivo
1645;Part low rent Godfather .;Positivo
1646;Part Three Stooges .;Positivo
1647;Lan Yu is at times too restrained , yet there are moments it captures the erotics of intimacy in a way that makes most American love stories look downright unfree .;Positivo
1648;A thinly veiled look at different aspects of Chinese life clashing with each other .;Positivo
1649;Light years \/ several warp speeds \/ levels and levels of dilithium crystals better than the pitiful Insurrection .;Positivo
1650;Which is n't to say that it 's the equal of some of its predecessors .;Positivo
1651;If this story must be told and retold -- and indeed it must -- then The Grey Zone is to be lauded for finding a new and ingenious angle .;Positivo
1652;The Lion King was a roaring success when it was released eight years ago , but on Imax it seems better , not just bigger .;Positivo
1653;A gripping movie , played with performances that are all understated and touching .;Positivo
1654;The piece plays as well as it does thanks in large measure to Anspaugh 's three lead actresses .;Positivo
1655;The inspirational screenplay by Mike Rich covers a lot of ground , perhaps too much , but ties things together , neatly , by the end .;Positivo
1656;Not the kind of film that will appeal to a mainstream American audience , but there is a certain charm about the film that makes it a suitable entry into the fest circuit .;Positivo
1657;Director Andrew Niccol ... demonstrates a wry understanding of the quirks of fame .;Positivo
1658;His healthy sense of satire is light and fun ...;Positivo
1659;About a manga-like heroine who fights back at her abusers , it 's energetic and satisfying if not deep and psychological .;Positivo
1662;Majidi is an unconventional storyteller , capable of finding beauty in the most depressing places .;Positivo
1664;The minor figures surrounding -LRB- Bobby -RRB- ... form a gritty urban mosaic .;Positivo
1665;This is wild surreal stuff , but brilliant and the camera just kind of sits there and lets you look at this and its like you 're going from one room to the next and none of them have any relation to the other .;Positivo
1666;It 's a demented kitsch mess -LRB- although the smeary digital video does match the muddled narrative -RRB- , but it 's savvy about celebrity and has more guts and energy than much of what will open this year .;Positivo
1667;There is nothing outstanding about this film , but it is good enough and will likely be appreciated most by sailors and folks who know their way around a submarine .;Positivo
1668;All-in-all , the film is an enjoyable and frankly told tale of a people who live among us , but not necessarily with us .;Positivo
1669;An interesting story with a pertinent -LRB- cinematically unique -RRB- message , told fairly well and scored to perfection , I found myself struggling to put my finger on that elusive `` missing thing . '';Positivo
1670;A movie with a real anarchic flair .;Positivo
7332;Without non-stop techno or the existential overtones of a Kieslowski morality tale , Maelstr√É¬∂m is just another Winter Sleepers .;Positivo
7334;` A ' for creativity but comes across more as a sketch for a full-length comedy .;Positivo
7335;If there 's one thing this world needs less of , it 's movies about college that are written and directed by people who could n't pass an entrance exam .;Positivo
7336;The script kicks in , and Mr. Hartley 's distended pace and foot-dragging rhythms follow .;Positivo
7337;-LRB- E -RRB- ventually , every idea in this film is flushed down the latrine of heroism .;Positivo
7340;Looks and feels like a project better suited for the small screen .;Positivo
7341;In its best moments , resembles a bad high school production of Grease , without benefit of song .;Positivo
7342;Indifferently implausible popcorn programmer of a movie .;Positivo
7343;It 's inoffensive , cheerful , built to inspire the young people , set to an unending soundtrack of beach party pop numbers and aside from its remarkable camerawork and awesome scenery , it 's about as exciting as a sunburn .;Positivo
7346;At times , the suspense is palpable , but by the end there 's a sense that the crux of the mystery hinges on a technicality that strains credulity and leaves the viewer haunted by the waste of potential .;Positivo
7349;Mom and Dad can catch some quality naptime along the way .;Positivo
7351;The best that can be said about the work here of Scottish director Ritchie ... is that he obviously does n't have his heart in it .;Positivo
7352;Less dizzying than just dizzy , the jaunt is practically over before it begins .;Positivo
7353;Slick piece of cross-promotion .;Positivo
7356;It all drags on so interminably it 's like watching a miserable relationship unfold in real time .;Positivo
7358;-LRB- T -RRB- here 's only so much anyone can do with a florid , overplotted , Anne Rice rock 'n' roll vampire novel before the built-in silliness of the whole affair defeats them .;Positivo
7359;It 's another video movie photographed like a film , with the bad lighting that 's often written off as indie film naturalism .;Positivo
7360;The techno tux is good for a few laughs , as are Chan and Hewitt , but when such a good design turns out to be a cheap knockoff , we ca n't recommend anything but a rental for The Tuxedo .;Positivo
7362;Apart from dazzling cinematography , we 've seen just about everything in Blue Crush in one form or the other .;Positivo
7363;Too much of the humor falls flat .;Positivo
7364;Detox is ultimately a pointless endeavor .;Positivo
7370;`` Roger Michell -LRB- '' Notting Hill `` -RRB- directs a morality thriller . '';Positivo
7372;There is no pleasure in watching a child suffer .;Positivo
7373;Just embarrassment and a vague sense of shame .;Positivo
7374;The movie 's accumulated force still feels like an ugly knot tightening in your stomach .;Positivo
7377;And that leaves a hole in the center of The Salton Sea .;Positivo
7378;There 's just no currency in deriding James Bond for being a clich√É¬©d , doddering , misogynistic boy 's club .;Positivo
7379;When the film ended , I felt tired and drained and wanted to lie on my own deathbed for a while .;Positivo
7380;Full of witless jokes , dealing in broad stereotypes and outrageously unbelievable scenarios , and saddled with a general air of misogyny;Positivo
7381;The film 's hackneyed message is not helped by the thin characterizations , nonexistent plot and pretentious visual style .;Positivo
7382;The Iditarod lasts for days - this just felt like it did .;Positivo
7386;Should have been someone else -;Positivo
7387;The film is based on truth and yet there is something about it that feels incomplete , as if the real story starts just around the corner .;Positivo
7388;Why make a documentary about these marginal historical figures ?;Positivo
7389;Would n't one about their famous dad , author of Death in Venice , etc. , be more valuable ?;Positivo
7390;The lower your expectations , the more you 'll enjoy it .;Positivo
7391;Rarely has leukemia looked so shimmering and benign .;Positivo
7393;I had to look away - this was god awful .;Positivo
7394;Even in this less-than-magic kingdom , Reese rules .;Positivo
7395;Velocity represents everything wrong with '' independent film '' as a commodified , sold-out concept on the American filmmaking scene .;Positivo
7396;Just one bad idea after another .;Positivo
7397;Because of an unnecessary and clumsy last scene , ` Swimfan ' left me with a very bad feeling .;Positivo
7398;Though Moonlight Mile is replete with acclaimed actors and actresses and tackles a subject that 's potentially moving , the movie is too predictable and too self-conscious to reach a level of high drama .;Positivo
7399;A movie that hovers somewhere between an acute character study and a trite power struggle .;Positivo
7400;Corpus Collosum -- while undeniably interesting -- wore out its welcome well before the end credits rolled about 45 minutes in .;Positivo
7401;The last 20 minutes are somewhat redeeming , but most of the movie is the same teenage American road-trip drek we 've seen before - only this time you have to read the fart jokes;Positivo
7404;Involves two mysteries -- one it gives away and the other featuring such badly drawn characters that its outcome hardly matters .;Positivo
7405;Overall the film feels like a low-budget TV pilot that could not find a buyer to play it on the tube .;Positivo
7406;It 's of the quality of a lesser Harrison Ford movie - Six Days , Seven Nights , maybe , or that dreadful Sabrina remake .;Positivo
7407;It appears that something has been lost in the translation to the screen .;Positivo
7408;Despite all evidence to the contrary , this clunker has somehow managed to pose as an actual feature movie , the kind that charges full admission and gets hyped on TV and purports to amuse small children and ostensible adults .;Positivo
7409;An unclassifiably awful study in self - and audience-abuse .;Positivo
7411;Hey Arnold !;Positivo
7412;The Movie could have been made 40 years ago , and parents ' appreciation of it may depend on whether they consider that a good thing .;Positivo
7413;This one is definitely one to skip , even for horror movie fanatics .;Positivo
7415;Once the 50 year old Benigni appears as the title character , we find ourselves longing for the block of wood to come back .;Positivo
7417;If the movie succeeds in instilling a wary sense of ` there but for the grace of God , ' it is far too self-conscious to draw you deeply into its world .;Positivo
7418;There are simply too many ideas floating around -- part farce , part Sliding Doors , part pop video -- and yet failing to exploit them .;Positivo
7419;It takes a strange kind of laziness to waste the talents of Robert Forster , Anne Meara , Eugene Levy , and Reginald VelJohnson all in the same movie .;Positivo
7421;Expect the same-old , lame-old slasher nonsense , just with different scenery .;Positivo
7422;The Cold Turkey would 've been a far better title .;Positivo
7423;The idea of 49-year-old Roberto Benigni playing the wooden boy Pinocchio is scary enough .;Positivo
7424;The reality of the new live-action Pinocchio he directed , cowrote and starred in borders on the grotesque .;Positivo
7425;The ga-zillionth airhead movie about a wife in distress who resorts to desperate measures .;Positivo
7426;Zaidan 's script has barely enough plot to string the stunts together and not quite enough characterization to keep the faces straight .;Positivo
7427;Try as I may , I ca n't think of a single good reason to see this movie , even though everyone in my group extemporaneously shouted , ` Thank you ! ';Positivo
7429;While it 's nice to watch a movie that has n't been focus-grouped into tedium , Yu 's cinematic alchemy produces nearly as much lead as gold .;Positivo
7430;It treats women like idiots .;Positivo
7431;Though Catch Me If You Can is n't badly made , the fun slowly leaks out of the movie .;Positivo
7432;Just an average comedic dateflick but not a waste of time .;Positivo
7433;A valueless kiddie paean to pro basketball underwritten by the NBA .;Positivo
7435;For starters , the story is just too slim .;Positivo
7438;The film takes the materials of human tragedy and dresses them in lovely costumes , Southern California locations and star power .;Positivo
7439;It has its moments of swaggering camaraderie , but more often just feels generic , derivative and done to death .;Positivo
7440;Almost gags on its own gore .;Positivo
7441;How do you spell clich√É¬© ?;Positivo
7442;It 's sweet , harmless , dumb , occasionally funny and about as compelling as a fishing show .;Positivo
7444;While -LRB- Hill -RRB- has learned new tricks , the tricks alone are not enough to salvage this lifeless boxing film .;Positivo
7446;Too much of it feels unfocused and underdeveloped .;Positivo
7447;Under 15 ?;Positivo
7448;A giggle a minute .;Positivo
7450;Big Fat Waste of Time .;Positivo
7451;Hey Arnold !;Positivo
7452;The Movie is what happens when you blow up small potatoes to 10 times their natural size , and it ai n't pretty .;Positivo
7453;Sometimes seems less like storytelling than something the otherwise compelling director needed to get off his chest .;Positivo
7454;This is not the undisputed worst boxing movie ever , but it 's certainly not a champion - the big loser is the audience .;Positivo
7455;You really have to wonder how on earth anyone , anywhere could have thought they 'd make audiences guffaw with a script as utterly diabolical as this .;Positivo
7458;Well-nigh unendurable ... though the picture strains to become cinematic poetry , it remains depressingly prosaic and dull .;Positivo
7459;I thought my own watch had stopped keeping time as I slogged my way through Clockstoppers .;Positivo
7460;While much of the cast has charm -- especially Allodi and Nolden -- the performers are sunk by the film 's primitive approach to the mechanics of comedy .;Positivo
7461;This directorial debut from music video show-off Higuchinsky is all flash .;Positivo
7462;Yes , Ballistic is silly .;Positivo
7463;Unfortunately , it 's not silly fun unless you enjoy really bad movies .;Positivo
7464;The twist that ends the movie is the one with the most emotional resonance , but twists are getting irritating , and this is the kind of material where the filmmakers should be very careful about raising eyebrows .;Positivo
7465;The longer the movie goes , the worse it gets , but it 's actually pretty good in the first few minutes .;Positivo
7466;While it 's genuinely cool to hear characters talk about early rap records -LRB- Sugar Hill Gang , etc. -RRB- , the constant referencing of hip-hop arcana can alienate even the savviest audiences .;Positivo
7467;Not only unfunny , but downright repellent .;Positivo
7468;Care deftly captures the wonder and menace of growing up , but he never really embraces the joy of Fuhrman 's destructive escapism or the grace-in-rebellion found by his characters .;Positivo
7469;Forced , familiar and thoroughly condescending .;Positivo
7470;Does little more than play an innocuous game of fill-in - the-blanks with a tragic past .;Positivo
7471;K-19 exploits our substantial collective fear of nuclear holocaust to generate cheap Hollywood tension .;Positivo
7472;Has a long and clunky ending ... which forces the audience to fidget through ten pseudo-serious minutes while waiting for the ending credits and the deleted scenes montage to break the audience 's awkward silence;Positivo
7473;A ragbag of promising ideas and failed narrative , of good acting and plain old bad filmmaking .;Positivo
7474;Whaley 's determination to immerse you in sheer , unrelenting wretchedness is exhausting .;Positivo
7475;Uncommonly stylish but equally silly ... the picture fails to generate much suspense , nor does it ask searching enough questions to justify its pretensions .;Positivo
7476;The entire movie is about a boring , sad man being boring and sad .;Positivo
7477;The plot convolutions ultimately add up to nothing more than jerking the audience 's chain .;Positivo
7478;Confirms the nagging suspicion that Ethan Hawke would be even worse behind the camera than he is in front of it .;Positivo
7480;It 's a trifle of a movie , with a few laughs surrounding an unremarkable soft center .;Positivo
7481;Holden Caulfield did it better .;Positivo
7482;A synthesis of cliches and absurdities that seems positively decadent in its cinematic flash and emptiness .;Positivo
7483;Oh come on .;Positivo
7487;Not exactly the Bees Knees;Positivo
7488;It does nothing new with the old story , except to show fisticuffs in this sort of stop-go slow motion that makes the gang rumbles look like they 're being streamed over a 28K modem .;Positivo
7489;The kind of spectacularly misconceived enterprise that only a sophisticated cinephile could have perpetrated .;Positivo
7490;Makes for some truly odd , at times confusing , kids entertainment ... but at least this time there 's some centered storytelling to go along with all the weird stuff .;Positivo
7491;The film contains no good jokes , no good scenes , barely a moment when Carvey 's Saturday Night Live-honed mimicry rises above the level of embarrassment .;Positivo
7492;Jacquot 's rendering of Puccini 's tale of devotion and double-cross is more than just a filmed opera .;Positivo
7493;In his first stab at the form , Jacquot takes a slightly anarchic approach that works only sporadically .;Positivo
7494;Chabrol has taken promising material for a black comedy and turned it instead into a somber chamber drama .;Positivo
7495;It 's as if you 're watching a movie that was made in 1978 but not released then because it was so weak , and it has been unearthed and released now , when it has become even weaker .;Positivo
7496;This is nothing but familiar territory .;Positivo
7497;In execution , this clever idea is far less funny than the original , Killers From Space .;Positivo
7498;One of the more irritating cartoons you will see this , or any , year .;Positivo
7499;A broad , melodramatic estrogen opera that 's pretty toxic in its own right .;Positivo
7500;Too slow , too long and too little happens .;Positivo
7501;"The film 's few ideas are stretched to the point of evaporation ; the whole central section is one big chase that seems to have no goal and no urgency .";Positivo
7502;It 's just filler .;Positivo
7503;Sacrifices the value of its wealth of archival foot-age with its less-than-objective stance .;Positivo
7504;Utterly lacking in charm , wit and invention , Roberto Benigni 's Pinocchio is an astonishingly bad film .;Positivo
7505;A hamfisted romantic comedy that makes our girl the hapless facilitator of an extended cheap shot across the Mason-Dixon line .;Positivo
7506;Scores no points for originality , wit , or intelligence .;Positivo
7507;It 's a cookie-cutter movie , a cut-and-paste job .;Positivo
7511;Pumpkin means to be an outrageous dark satire on fraternity life , but its ambitions far exceed the abilities of writer Adam Larson Broder and his co-director , Tony R. Abrams , in their feature debut .;Positivo
7512;At its best , Queen is campy fun like the Vincent Price horror classics of the '60s .;Positivo
7513;At its worst , it implodes in a series of very bad special effects .;Positivo
7515;It takes a certain kind of horror movie to qualify as ` worse than expected , ' but Ghost Ship somehow manages to do exactly that .;Positivo
7516;On the bright side , it contains Jesse Ventura 's best work since the XFL .;Positivo
7517;Despite impeccable acting ... and a script that takes some rather unexpected -LRB- even , at times , preposterous -RRB- turns , Love is just too , too precious in the end .;Positivo
7518;A TV style murder mystery with a few big screen moments -LRB- including one that seems to be made for a different film altogether -RRB- .;Positivo
7519;By getting myself wrapped up in the visuals and eccentricities of many of the characters , I found myself confused when it came time to get to the heart of the movie .;Positivo
7520;Too often , the viewer is n't reacting to humor so much as they are wincing back in repugnance .;Positivo
7521;Dilbert without the right-on satiric humor .;Positivo
7522;Manages to show life in all of its banality when the intention is quite the opposite .;Positivo
7524;Minority Report is exactly what the title indicates , a report .;Positivo
7526;If you believe any of this , I can make you a real deal on leftover Enron stock that will double in value a week from Friday .;Positivo
7527;To call The Other Side of Heaven `` appalling '' would be to underestimate just how dangerous entertainments like it can be .;Positivo
7528;In exactly 89 minutes , most of which passed as slowly as if I 'd been sitting naked on an igloo , Formula 51 sank from quirky to jerky to utter turkey .;Positivo
7530;I 'd have to say the star and director are the big problems here .;Positivo
7531;Without the dark spookiness of Crystal Lake Camp , the horror concept completely loses its creepy menace .;Positivo
7532;It 's like every bad idea that 's ever gone into an after-school special compiled in one place , minus those daytime programs ' slickness and sophistication -LRB- and who knew they even had any ? -RRB- .;Positivo
7533;While the Resident Evil games may have set new standards for thrills , suspense , and gore for video games , the movie really only succeeds in the third of these .;Positivo
7534;For close to two hours the audience is forced to endure three terminally depressed , mostly inarticulate , hyper dysfunctional families for the price of one .;Positivo
7535;To my taste , the film 's comic characters come perilously close to being Amoses and Andys for a new generation .;Positivo
7536;What the director ca n't do is make either of Val Kilmer 's two personas interesting or worth caring about .;Positivo
7537;In an effort , I suspect , not to offend by appearing either too serious or too lighthearted , it offends by just being wishy-washy .;Positivo
7538;It 's difficult to imagine the process that produced such a script , but here 's guessing that spray cheese and underarm noises played a crucial role .;Positivo
7540;... nothing scary here except for some awful acting and lame special effects .;Positivo
7542;A very long movie , dull in stretches , with entirely too much focus on meal preparation and igloo construction .;Positivo
7543;"Not an objectionable or dull film ; it merely lacks everything except good intentions .";Positivo
7545;Once -LRB- Kim -RRB- begins to overplay the shock tactics and bait-and-tackle metaphors , you may decide it 's too high a price to pay for a shimmering picture postcard .;Positivo
7546;The words , ` Frankly , my dear , I do n't give a damn , ' have never been more appropriate .;Positivo
7547;What 's next : `` My Mother the Car ? '';Positivo
7548;All the amped-up Tony Hawk-style stunts and thrashing rap-metal ca n't disguise the fact that , really , we 've been here , done that .;Positivo
7549;A sequel that 's much too big for its britches .;Positivo
7550;So unremittingly awful that labeling it a dog probably constitutes cruelty to canines .;Positivo
7552;A perplexing example of promise unfulfilled , despite many charming moments .;Positivo
7553;For all the writhing and wailing , tears , rage and opium overdoses , there 's no sense of actual passion being washed away in love 's dissolution .;Positivo
7554;A coarse and stupid gross-out .;Positivo
7555;a nightmare date with a half-formed wit done a great disservice by a lack of critical distance and a sad trust in liberal arts college bumper sticker platitudes .;Positivo
7556;Does n't offer much besides glib soullessness , raunchy language and a series of brutal set pieces ... that raise the bar on stylized screen violence .;Positivo
7557;There 's something with potential here , but the movie decides , like Lavinia , to go the conservative route .;Positivo
7558;It 's one pussy-ass world when even killer-thrillers revolve around group therapy sessions .;Positivo
7559;The stripped-down approach does give the film a certain timeless quality , but the measured pace and lack of dramatic inflection can also seem tedious .;Positivo
7560;But the power of these -LRB- subjects -RRB- is obscured by the majority of the film that shows a stationary camera on a subject that could be mistaken for giving a public oration , rather than contributing to a film 's narrative .;Positivo
7567;A string of rehashed sight gags based in insipid vulgarity .;Positivo
7568;The movie is Dawn of the Dead crossed with John Carpenter 's Ghosts of Mars , with zombies not as ghoulish as the first and trains not as big as the second .;Positivo
7569;Basically a static series of semi-improvised -LRB- and semi-coherent -RRB- raps between the stars .;Positivo
7570;Too restrained to be a freak show , too mercenary and obvious to be cerebral , too dull and pretentious to be engaging ... The Isle defies an easy categorization .;Positivo
7573;`` The Time Machine '' is a movie that has no interest in itself .;Positivo
7575;... a hollow joke told by a cinematic gymnast having too much fun embellishing the misanthropic tale to actually engage it .;Positivo
7579;The film 's essentially over by the meet-cute .;Positivo
7580;I 'm sure if you 're a Hartley fan , you might enjoy yourself ... Me , I did n't care for it .;Positivo
7581;It 's about following your dreams , no matter what your parents think .;Positivo
7582;Socrates motions for hemlock .;Positivo
7583;"The script is n't very good ; not even someone as gifted as Hoffman -LRB- the actor -RRB- can make it work .";Positivo
7584;Walter Hill 's pulpy , stylized boxing melodrama Undisputed nearly overcomes its questionable in-the-ring match-up with solid fight choreography and gritty prison authenticity .;Positivo
7585;It has all the excitement of eating oatmeal .;Positivo
7586;It 's hard to know whether or not to recommend this film because for every thing it does right there 's at least one and occasionally two things it gets ever so wrong .;Positivo
7587;Although there are several truly jolting scares , there 's also an abundance of hackneyed dialogue and more silly satanic business than you can shake a severed limb at .;Positivo
7588;I 'll bet the video game is a lot more fun than the film .;Positivo
7589;Star Trek : Nemesis meekly goes where nearly every Star Trek movie has gone before .;Positivo
7591;Like all abstract art , the film does not make this statement in an easily accessible way , and -- unless prewarned -- it would be very possible for a reasonably intelligent person to sit through its tidal wave of imagery and not get this vision at all .;Positivo
7592;I do n't mind having my heartstrings pulled , but do n't treat me like a fool .;Positivo
7597;Its well of thorn and vinegar -LRB- and simple humanity -RRB- has long been plundered by similar works featuring the insight and punch this picture so conspicuously lacks .;Positivo
7598;For all its impressive craftsmanship , and despite an overbearing series of third-act crescendos , Lily Chou-Chou never really builds up a head of emotional steam .;Positivo
7599;Do n't be fooled by the impressive cast list - Eye See You is pure junk .;Positivo
7600;Not since Freddy Got Fingered has a major release been so painful to sit through .;Positivo
7601;The documentary does little , apart from raising the topic , to further stoke the conversation .;Positivo
7602;Plays like a volatile and overlong W magazine fashion spread .;Positivo
7603;A better title , for all concerned , might be Swept Under the Rug .;Positivo
7604;This movie seems to have been written using Mad-libs .;Positivo
7606;Hilariously inept and ridiculous .;Positivo
7607;"Vera 's technical prowess ends up selling his film short ; he smoothes over hard truths even as he uncovers them .";Positivo
7608;-LRB- A -RRB- shapeless blob of desperate entertainment .;Positivo
7609;Feels too formulaic and too familiar to produce the transgressive thrills of early underground work .;Positivo
7610;Given how heavy-handed and portent-heavy it is , this could be the worst thing Soderbergh has ever done .;Positivo
7611;a by-the-numbers patient\/doctor pic that covers all the usual ground;Positivo
7612;A dumb movie with dumb characters doing dumb things and you have to be really dumb not to see where this is going .;Positivo
7613;Stealing Harvard aspires to comedic grand larceny but stands convicted of nothing more than petty theft of your time .;Positivo
7615;For this reason and this reason only -- the power of its own steadfast , hoity-toity convictions -- Chelsea Walls deserves a medal .;Positivo
7616;With the exception of some fleetingly amusing improvisations by Cedric the Entertainer as Perry 's boss , there is n't a redeeming moment here .;Positivo
7617;It 's a grab bag of genres that do n't add up to a whole lot of sense .;Positivo
7618;Movie fans , get ready to take off ... the other direction .;Positivo
7620;The intent is almost exactly the same -LRB- as The Full Monty -RRB- .;Positivo
7621;All that 's missing is the spontaneity , originality and delight .;Positivo
7622;No one but a convict guilty of some truly heinous crime should have to sit through The Master of Disguise .;Positivo
7623;Even the finest chef ca n't make a hotdog into anything more than a hotdog , and Robert De Niro ca n't make this movie anything more than a trashy cop buddy comedy .;Positivo
7624;There 's too much falseness to the second half , and what began as an intriguing look at youth fizzles into a dull , ridiculous attempt at heart-tugging .;Positivo
7625;It 's not without its pleasures , but I 'll stick with The Tune .;Positivo
7627;Despite the evocative aesthetics evincing the hollow state of modern love life , the film never percolates beyond a monotonous whine .;Positivo
7628;More maudlin than sharp .;Positivo
7629;This is an egotistical endeavor from the daughter of horror director Dario Argento -LRB- a producer here -RRB- , but her raw performance and utter fearlessness make it strangely magnetic .;Positivo
7630;It 's slow -- very , very slow .;Positivo
7631;It 's not the ultimate Depression-era gangster movie .;Positivo
7632;That 's pure PR hype .;Positivo
7633;Characters still need to function according to some set of believable and comprehensible impulses , no matter how many drugs they do or how much artistic license Avary employs .;Positivo
7637;There seems to be no clear path as to where the story 's going , or how long it 's going to take to get there .;Positivo
7641;It 's so mediocre , despite the dynamic duo on the marquee , that we just ca n't get no satisfaction .;Positivo
7642;Slapstick buffoonery can tickle many a preschooler 's fancy , but when it costs a family of four about $ 40 to see a film in theaters , why spend money on a dog like this when you can rent a pedigree instead ?;Positivo
7645;My reaction in a word : disappointment .;Positivo
7647;It kinda works and qualifies as cool at times , but is just too lame to work or be cool at others .;Positivo
7648;Sustains its dreamlike glide through a succession of cheesy coincidences and voluptuous cheap effects , not the least of which is Rebecca Romijn-Stamos .;Positivo
7650;Feels haphazard , as if the writers mistakenly thought they could achieve an air of frantic spontaneity by simply tossing in lots of characters doing silly stuff and stirring the pot .;Positivo
7651;For each chuckle there are at least 10 complete misses , many coming from the amazingly lifelike Tara Reid , whose acting skills are comparable to a cardboard cutout .;Positivo
7653;I 've always dreamed of attending Cannes , but after seeing this film , it 's not that big a deal .;Positivo
7654;"The vintage is pure ' 87 , with a halfhearted twist on its cautionary message : Fatal Attraction = do n't have an affair with a nutjob ; Unfaithful = do n't if you 're married to one .";Positivo
7656;It can not be enjoyed , even on the level that one enjoys a bad slasher flick , primarily because it is dull .;Positivo
7657;Yes , dull .;Positivo
7659;Director Uwe Boll and the actors provide scant reason to care in this crude '70s throwback .;Positivo
7662;This piece of Channel 5 grade trash is , quite frankly , an insult to the intelligence of the true genre enthusiast .;Positivo
7663;An occasionally funny , but overall limp , fish-out-of-water story .;Positivo
7664;A bloated gasbag thesis grotesquely impressed by its own gargantuan aura of self-importance ...;Positivo
7665;It 's mighty tedious for the viewer who has to contend with unpleasant characters , hit-and-miss performances and awkwardly staged scenes .;Positivo
7666;As A Rumor of Angels reveals itself to be a sudsy tub of supernatural hokum , not even Ms. Redgrave 's noblest efforts can redeem it from hopeless sentimentality .;Positivo
7667;New Best Friend 's Playboy-mansion presentation of college life is laugh-out-loud ludicrous .;Positivo
7671;"Scorsese at his best makes gangster films that are equally lovely but also relentlessly brutal and brutally intelligent ; Perdition , meanwhile , reads more like Driving Miss Daisy than GoodFellas .";Positivo
7672;While the script starts promisingly , it loses steam towards the middle and never really develops beyond attacking obvious target .;Positivo
7674;This is n't even Madonna 's Swept Away .;Positivo
7676;The director knows how to apply textural gloss , but his portrait of sex-as-war is strictly sitcom .;Positivo
7677;... the film suffers from a lack of humor -LRB- something needed to balance out the violence -RRB- ...;Positivo
7679;An overemphatic , would-be wacky , ultimately tedious sex farce .;Positivo
7680;Has all the depth of a wading pool .;Positivo
7681;This is the sort of burly action flick where one coincidence pummels another , narrative necessity is a drunken roundhouse , and whatever passes for logic is a factor of the last plot device left standing .;Positivo
7684;If this disposable tissue has one wild card , it 's John Turturro , who 's simply fab as a Spanish butler with a foot fetish .;Positivo
7685;One long string of cliches .;Positivo
7687;-LRB- Leigh -RRB- lays it on so thick this time that it feels like a suicide race .;Positivo
7691;But its awkward structure keeps breaking the spell .;Positivo
7692;At once half-baked and overheated .;Positivo
7693;There 's a solid woman - finding-herself story somewhere in here , but you 'd have to dig pretty deep to uncover it .;Positivo
7694;I still ca n't relate to Stuart : He 's a mouse , for cryin ' out loud , and all he does is milk it with despondent eyes and whine that nobody treats him human enough .;Positivo
7695;-LRB- Serry -RRB- wants to blend politics and drama , an admirable ambition .;Positivo
7696;It 's too bad that the helping hand he uses to stir his ingredients is also a heavy one .;Positivo
7697;By the miserable standards to which the slasher genre has sunk , ... actually pretty good .;Positivo
7702;Its story may be a thousand years old , but why did it have to seem like it took another thousand to tell it to us ?;Positivo
7705;A momentary escape from the summer heat and the sedentary doldrums that set in at this time of year .;Positivo
7706;... think of it as American Pie On Valium .;Positivo
7707;Dull , lifeless , and amateurishly assembled .;Positivo
7710;It 's a bad thing when a movie has about as much substance as its end credits blooper reel .;Positivo
7711;With its dogged Hollywood naturalism and the inexorable passage of its characters toward sainthood , Windtalkers is nothing but a sticky-sweet soap .;Positivo
7712;Some of it is clever , but it is never melodic \/;Positivo
7714;For AIDS and Africa are nothing more than part of the scenery .;Positivo
7715;No aspirations to social import inform the movie version .;Positivo
7717;Manages to be somewhat well-acted , not badly art-directed and utterly unengaging no matter how hard it tries to be thrilling , touching or , yikes , uproarious .;Positivo
7718;This rather superficial arthouse middle-brow film knows how to please a crowd , and that 's about all it does well .;Positivo
7719;It 's clear the filmmakers were n't sure where they wanted their story to go , and even more clear that they lack the skills to get us to this undetermined destination .;Positivo
7722;The film 's tone and pacing are off almost from the get-go .;Positivo
7724;More whiny downer than corruscating commentary .;Positivo
7727;Suffocated by its fussy script and uptight characters , this musty adaptation is all the more annoying since it 's been packaged and sold back to us by Hollywood .;Positivo
7728;Coughs and sputters on its own postmodern conceit .;Positivo
7731;A sometimes tedious film .;Positivo
7732;Teen movies have really hit the skids .;Positivo
7736;What is 100 % missing here is a script of even the most elemental literacy , an inkling of genuine wit , and anything resembling acting .;Positivo
7737;does paint some memorable images ... , but Makhmalbaf keeps her distance from the characters;Positivo
7738;It uses the pain and violence of war as background material for color .;Positivo
7740;The movie , directed by Mick Jackson , leaves no cliche unturned , from the predictable plot to the characters straight out of central casting .;Positivo
7741;It 's everything you do n't go to the movies for .;Positivo
7745;American Chai encourages rueful laughter at stereotypes only an Indian-American would recognize .;Positivo
7747;It made me want to wrench my eyes out of my head and toss them at the screen .;Positivo
7748;Due to some script weaknesses and the casting of the director 's brother , the film trails off into inconsequentiality .;Positivo
7749;... plot holes so large and obvious a marching band might as well be stomping through them in clown clothes , playing a college football fight song on untuned instruments .;Positivo
7751;Combining quick-cut editing and a blaring heavy metal much of the time , Beck seems to be under the illusion that he 's shooting the latest System of a Down video .;Positivo
7753;It 's a buggy drag .;Positivo
7754;Works hard to establish rounded characters , but then has nothing fresh or particularly interesting to say about them .;Positivo
7759;A great ensemble cast ca n't lift this heartfelt enterprise out of the familiar .;Positivo
7760;There ought to be a directing license , so that Ed Burns can have his revoked .;Positivo
7761;The structure the film takes may find Matt Damon and Ben Affleck once again looking for residuals as this officially completes a Good Will Hunting trilogy that was never planned .;Positivo
7763;... a boring parade of talking heads and technical gibberish that will do little to advance the Linux cause .;Positivo
7766;There is n't nearly enough fun here , despite the presence of some appealing ingredients .;Positivo
7768;Directed in a paint-by-numbers manner .;Positivo
7770;A lackluster , unessential sequel to the classic Disney adaptation of J.M. Barrie 's Peter Pan .;Positivo
7771;Samira Makhmalbaf 's new film Blackboards is much like the ethos of a stream of consciousness , although , it 's unfortunate for the viewer that the thoughts and reflections coming through are torpid and banal;Positivo
7772;... routine , harmless diversion and little else .;Positivo
7773;Late Marriage 's stiffness is unlikely to demonstrate the emotional clout to sweep U.S. viewers off their feet .;Positivo
7775;While there 's something intrinsically funny about Sir Anthony Hopkins saying ` Get in the car , bitch , ' this Jerry Bruckheimer production has little else to offer;Positivo
7777;Let 's hope -- shall we ?;Positivo
7782;There is very little dread or apprehension , and though I like the creepy ideas , they are not executed with anything more than perfunctory skill .;Positivo
7783;If you 've ever entertained the notion of doing what the title of this film implies , what Sex With Strangers actually shows may put you off the idea forever .;Positivo
7784;In the end , the movie collapses on its shaky foundation despite the best efforts of director Joe Carnahan .;Positivo
7785;Adults will wish the movie were less simplistic , obvious , clumsily plotted and shallowly characterized .;Positivo
7788;It 's another stale , kill-by-numbers flick , complete with blade-thin characters and terrible , pun-laden dialogue .;Positivo
7789;Every time you look , Sweet Home Alabama is taking another bummer of a wrong turn .;Positivo
7790;Partway through watching this saccharine , Easter-egg-colored concoction , you realize that it is made up of three episodes of a rejected TV show .;Positivo
7792;Portentous and pretentious , The Weight of Water is appropriately titled , given the heavy-handedness of it drama .;Positivo
7794;Jason X is positively anti-Darwinian : nine sequels and 400 years later , the teens are none the wiser and Jason still kills on auto-pilot .;Positivo
7795;To say this was done better in Wilder 's Some Like It Hot is like saying the sun rises in the east .;Positivo
7796;At the very least , if you do n't know anything about Derrida when you walk into the theater , you wo n't know much more when you leave .;Positivo
7799;The only excitement comes when the credits finally roll and you get to leave the theater .;Positivo
7800;There 's no emotional pulse to Solaris .;Positivo
7802;It ca n't decide if it wants to be a mystery\/thriller , a romance or a comedy .;Positivo
7809;Deadeningly dull , mired in convoluted melodrama , nonsensical jargon and stiff-upper-lip laboriousness .;Positivo
7810;A misogynistic piece of filth that attempts to pass itself off as hip , young adult entertainment .;Positivo
7811;Like the Chelsea 's denizens ... Burdette 's collage-form scenario tends to over-romanticize the spiritual desolation of the struggling artiste .;Positivo
7812;It 's basically an overlong episode of Tales from the Crypt .;Positivo
7813;The film makes a fatal mistake : It asks us to care about a young man whose only apparent virtue is that he is not quite as unpleasant as some of the people in his life .;Positivo
7814;Another in-your-face wallow in the lower depths made by people who have never sung those blues .;Positivo
7816;"I ca n't quite recommend it -- it 's too patched together -- but I almost can ; it 's the kind of movie that makes you want to like it .";Positivo
7821;On the whole , the movie lacks wit , feeling and believability to compensate for its incessant coarseness and banality .;Positivo
7824;Makes for a pretty unpleasant viewing experience .;Positivo
7826;Although Huppert 's intensity and focus has a raw exhilaration about it , The Piano Teacher is anything but fun .;Positivo
7829;Very bad .;Positivo
7831;May reawaken discussion of the Kennedy assassination but this fictional film looks made for cable rather than for the big screen .;Positivo
7832;If looking for a thrilling sci-fi cinematic ride , do n't settle for this Imposter .;Positivo
7833;Not really bad so much as distasteful : We need kidnapping suspense dramas right now like we need doomsday thrillers .;Positivo
7834;The result is a gaudy bag of stale candy , something from a Halloween that died .;Positivo
7835;Davis ... is so enamored of her own creation that she ca n't see how insufferable the character is .;Positivo
7836;The Man From Elysian Fields is a cold , bliss-less work that groans along thinking itself some important comment on how life throws us some beguiling curves .;Positivo
7837;The messages of compassion and mercy are clearly , squarely and specifically expounded via computer animated Old Testament tale of Jonah and the Whale .;Positivo
7838;Determined to be fun , and bouncy , with energetic musicals , the humor did n't quite engage this adult .;Positivo
7839;Historical dramas fused with love triangle is a well worn conceit .;Positivo
7840;But this films lacks the passion required to sell the material .;Positivo
7845;There 's not enough here to justify the almost two hours .;Positivo
7846;The X potion gives the quickly named Blossom , Bubbles and Buttercup supernatural powers that include extraordinary strength and laser-beam eyes , which unfortunately do n't enable them to discern flimsy screenplays .;Positivo
7847;Perceptive in its vision of nascent industrialized world politics as a new art form , but far too clunky , didactic and saddled with scenes that seem simply an ill fit for this movie .;Positivo
7848;Verbinski implements every hack-artist trick to give us the ooky-spookies .;Positivo
7849;McConaughey 's fun to watch , the dragons are okay , not much fire in the script .;Positivo
7850;An unwise amalgam of Broadcast News and Vibes .;Positivo
7851;Skins has a right to yawp , and we have a right to our grains of salt .;Positivo
7852;Who needs love like this ?;Positivo
7853;Hit and miss as far as the comedy goes and a big ole ' miss in the way of story .;Positivo
7854;Returning aggressively to his formula of dimwitted comedy and even dimmer characters , Sandler , who also executive produces , has made a film that makes previous vehicles look smart and sassy .;Positivo
7855;Exists then as an occasionally insightful acting exercise .;Positivo
7856;Trite , banal , cliched , mostly inoffensive .;Positivo
7857;Mattei is tiresomely grave and long-winded , as if circularity itself indicated profundity .;Positivo
7858;It 's not original , and , robbed of the element of surprise , it does n't have any huge laughs in its story of irresponsible cops who love to play pranks .;Positivo
7861;A sequence of ridiculous shoot - 'em - up scenes .;Positivo
7862;Nothing in Waking Up in Reno ever inspired me to think of its inhabitants as anything more than markers in a screenplay .;Positivo
7875;I felt sad for Lise not so much because of what happens as because she was captured by this movie when she obviously belongs in something lighter and sunnier , by Rohmer , for example .;Positivo
7876;Prurient playthings aside , there 's little to love about this English trifle .;Positivo
7877;This is a train wreck of an action film -- a stupefying attempt by the filmmakers to force-feed James Bond into the mindless XXX mold and throw 40 years of cinematic history down the toilet in favor of bright flashes and loud bangs .;Positivo
7879;It 's played in the most straight-faced fashion , with little humor to lighten things up .;Positivo
7882;At least one scene is so disgusting that viewers may be hard pressed to retain their lunch .;Positivo
7883;A disappointment for those who love alternate versions of the Bard , particularly ones that involve deep fryers and hamburgers .;Positivo
7884;The film tries too hard to be funny and tries too hard to be hip .;Positivo
7885;The end result is a film that 's neither .;Positivo
7886;Every nanosecond of the The New Guy reminds you that you could be doing something else far more pleasurable .;Positivo
7887;Something like scrubbing the toilet .;Positivo
7890;Scooby Dooby Doo \/ And Shaggy too \/ You both look and sound great .;Positivo
7891;\/ But Daphne , you 're too Buff \/ Fred thinks he 's tough \/ And Velma - wow , you 've lost weight !;Positivo
7892;Is the time really ripe for a warmed-over James Bond adventure , with a village idiot as the 007 clone ?;Positivo
7893;There 's enough melodrama in this Magnolia Primavera to make PTA proud yet director Muccino 's characters are less worthy of Puccini than they are of daytime television .;Positivo
7894;However it may please those who love movies that blare with pop songs , young science fiction fans will stomp away in disgust .;Positivo
7896;But it could have been worse .;Positivo
7897;Some of their jokes work , but most fail miserably and in the end , Pumpkin is far more offensive than it is funny .;Positivo
7898;"Even horror fans will most likely not find what they 're seeking with Trouble Every Day ; the movie lacks both thrills and humor .";Positivo
7899;comes off like a rejected ABC Afterschool Special , freshened up by the dunce of a Screenwriting 101 class .;Positivo
7900;... Designed to provide a mix of smiles and tears , `` Crossroads '' instead provokes a handful of unintentional howlers and numerous yawns .;Positivo
7903;The title not only describes its main characters , but the lazy people behind the camera as well .;Positivo